Trump,Biden
0,0.0
0.0,0.0
0.0,0.5
-0.4,0.5
-0.4,0.5
0.033333333333333326,0.5
0.033333333333333326,0.5
-0.16666666666666669,0.5
-0.16666666666666669,0.7
-0.16666666666666669,0.7
-0.16666666666666669,0.7
-0.16666666666666669,0.7
-0.16666666666666669,0.7999999999999999
-0.16666666666666669,0.7999999999999999
-0.16666666666666669,0.7999999999999999
-0.16666666666666669,1.15
-0.16666666666666669,1.9
-0.16666666666666663,1.9
-0.16666666666666663,1.525
-0.3222222222222222,1.4
-0.254040404040404,1.4
-0.254040404040404,1.4
-0.254040404040404,1.4
-0.254040404040404,1.4
-0.254040404040404,1.4
-0.254040404040404,1.4
-0.254040404040404,1.4
-0.254040404040404,1.4
-0.254040404040404,1.4
-0.11767676767676766,1.4
-0.11767676767676766,1.1083333333333332
-0.11767676767676766,1.1083333333333332
-0.017676767676767652,1.1833333333333331
-0.017676767676767652,1.145833333333333
-0.017676767676767652,1.645833333333333
0.33232323232323235,1.645833333333333
0.33232323232323235,2.145833333333333
0.33232323232323235,2.038690476190476
0.33232323232323235,2.038690476190476
0.33232323232323235,2.038690476190476
0.33232323232323235,2.038690476190476
0.33232323232323235,1.2386904761904758
0.33232323232323235,1.2386904761904758
0.33232323232323235,1.2386904761904758
0.41565656565656567,1.2386904761904758
0.41565656565656567,1.1553571428571425
0.41565656565656567,0.9886904761904759
0.41565656565656567,1.238690476190476
0.41565656565656567,1.238690476190476
0.41565656565656567,1.238690476190476
0.7156565656565657,1.238690476190476
0.7156565656565657,1.3750541125541123
0.7156565656565657,1.3750541125541123
0.9656565656565657,1.3750541125541123
0.9656565656565657,2.3750541125541123
0.9656565656565657,2.8750541125541123
0.9656565656565657,2.8750541125541123
1.1656565656565656,2.8750541125541123
1.1656565656565656,3.0750541125541124
1.1656565656565656,3.0750541125541124
1.1656565656565656,3.0750541125541124
1.1656565656565656,3.0750541125541124
1.1656565656565656,3.0750541125541124
0.9156565656565656,2.8000541125541125
0.9156565656565656,2.8000541125541125
0.9156565656565656,3.1500541125541126
0.9156565656565656,3.0750541125541124
0.9156565656565656,4.281304112554112
0.9156565656565656,4.281304112554112
0.9156565656565656,4.281304112554112
0.9156565656565656,4.206304112554112
0.9156565656565656,4.306304112554112
1.1656565656565656,4.306304112554112
1.1656565656565656,4.556304112554112
1.1656565656565656,4.556304112554112
1.1656565656565656,4.556304112554112
1.1656565656565656,4.556304112554112
1.1656565656565656,4.556304112554112
1.1656565656565656,4.556304112554112
1.3656565656565656,4.556304112554112
1.3656565656565656,4.056304112554112
1.3656565656565656,4.056304112554112
1.3656565656565656,4.056304112554112
0.36565656565656557,4.256304112554112
0.36565656565656557,4.220319264069263
0.49065656565656557,4.220319264069263
0.49065656565656557,4.220319264069263
0.49065656565656557,4.220319264069263
0.49065656565656557,4.220319264069263
0.8406565656565655,4.220319264069263
0.8406565656565655,4.220319264069263
1.2406565656565656,4.220319264069263
1.2406565656565656,4.720319264069263
1.2406565656565656,4.720319264069263
1.2406565656565656,4.720319264069263
1.2406565656565656,4.720319264069263
1.4906565656565656,4.720319264069263
1.4906565656565656,4.720319264069263
1.7406565656565656,4.720319264069263
1.7406565656565656,4.720319264069263
1.7406565656565656,4.720319264069263
1.7406565656565656,4.820319264069263
1.7406565656565656,4.820319264069263
1.7406565656565656,4.820319264069263
1.7406565656565656,4.820319264069263
1.7406565656565656,4.820319264069263
1.7406565656565656,4.820319264069263
1.7406565656565656,4.820319264069263
1.7406565656565656,4.820319264069263
1.7406565656565656,4.820319264069263
1.7406565656565656,4.820319264069263
1.6406565656565655,4.820319264069263
1.7448232323232322,4.820319264069263
1.7448232323232322,4.820319264069263
1.7448232323232322,4.820319264069263
1.7448232323232322,4.820319264069263
1.8698232323232322,4.820319264069263
1.8698232323232322,4.820319264069263
1.8698232323232322,4.866152597402596
1.8698232323232322,4.866152597402596
1.8698232323232322,4.741152597402596
1.8698232323232322,5.116152597402596
1.8698232323232322,5.516152597402597
1.8698232323232322,5.516152597402597
1.8698232323232322,5.716152597402597
1.8698232323232322,5.716152597402597
1.8698232323232322,5.716152597402597
1.6198232323232322,5.716152597402597
1.9198232323232323,5.716152597402597
1.9198232323232323,5.716152597402597
1.9198232323232323,5.116152597402597
1.9198232323232323,5.116152597402597
1.9198232323232323,5.116152597402597
1.9198232323232323,5.116152597402597
1.9198232323232323,4.616152597402597
1.9198232323232323,4.616152597402597
2.086489898989899,4.616152597402597
1.8864898989898988,4.616152597402597
1.8864898989898988,4.460597041847041
2.036489898989899,4.460597041847041
2.036489898989899,4.460597041847041
2.036489898989899,4.460597041847041
2.036489898989899,5.260597041847041
2.036489898989899,5.760597041847041
2.036489898989899,5.860597041847041
2.036489898989899,5.860597041847041
2.036489898989899,5.890120851370851
2.036489898989899,5.890120851370851
2.036489898989899,5.890120851370851
2.036489898989899,6.056787518037518
2.036489898989899,6.390120851370851
2.036489898989899,6.6901208513708506
1.636489898989899,6.6901208513708506
1.636489898989899,6.6901208513708506
1.636489898989899,6.6901208513708506
1.636489898989899,7.1901208513708506
1.636489898989899,6.6901208513708506
1.636489898989899,6.6901208513708506
1.636489898989899,6.6901208513708506
1.436489898989899,6.6901208513708506
1.936489898989899,6.6901208513708506
1.936489898989899,6.3776208513708506
1.936489898989899,6.3776208513708506
1.936489898989899,6.3776208513708506
1.936489898989899,6.3776208513708506
1.936489898989899,6.3776208513708506
1.936489898989899,6.152620851370851
1.936489898989899,6.152620851370851
1.936489898989899,5.352620851370851
1.936489898989899,5.352620851370851
1.936489898989899,5.352620851370851
1.936489898989899,5.352620851370851
1.936489898989899,5.352620851370851
2.0728535353535356,5.352620851370851
2.114520202020202,5.352620851370851
2.114520202020202,5.769287518037518
2.1895202020202023,5.769287518037518
2.1895202020202023,5.769287518037518
2.1895202020202023,5.769287518037518
2.1895202020202023,5.769287518037518
2.1895202020202023,5.956787518037518
2.1895202020202023,5.956787518037518
2.1895202020202023,6.456787518037518
2.1895202020202023,6.456787518037518
2.1895202020202023,6.456787518037518
2.1895202020202023,6.656787518037518
2.1895202020202023,7.281787518037518
2.1895202020202023,7.6746446608946615
2.589520202020202,7.6746446608946615
2.839520202020202,7.6746446608946615
2.839520202020202,7.6746446608946615
2.839520202020202,8.374644660894662
2.839520202020202,9.974644660894661
2.839520202020202,9.974644660894661
2.839520202020202,10.17464466089466
2.839520202020202,10.17464466089466
2.464520202020202,10.17464466089466
2.5609487734487737,10.67464466089466
2.5609487734487737,10.67464466089466
2.6397366522366523,10.67464466089466
2.6397366522366523,10.67464466089466
2.6397366522366523,10.888930375180374
2.973069985569986,10.888930375180374
2.973069985569986,10.888930375180374
2.973069985569986,10.888930375180374
2.973069985569986,10.888930375180374
3.330212842712843,10.888930375180374
3.330212842712843,10.888930375180374
2.830212842712843,10.638930375180374
2.830212842712843,11.038930375180374
2.830212842712843,10.538930375180374
2.830212842712843,10.538930375180374
2.830212842712843,10.538930375180374
3.330212842712843,10.538930375180374
3.330212842712843,10.538930375180374
3.330212842712843,10.538930375180374
3.330212842712843,10.538930375180374
3.330212842712843,10.538930375180374
3.278360990860991,10.538930375180374
3.6283609908609913,10.538930375180374
3.6283609908609913,10.538930375180374
3.6283609908609913,11.038930375180374
3.6283609908609913,11.038930375180374
3.6283609908609913,11.038930375180374
3.6283609908609913,11.175294011544011
3.6283609908609913,11.175294011544011
3.9394721019721026,11.175294011544011
4.0076539201539205,11.175294011544011
4.144017556517557,11.175294011544011
4.144017556517557,11.341960678210677
4.144017556517557,11.341960678210677
3.9884620009620018,11.341960678210677
3.9884620009620018,11.341960678210677
3.9884620009620018,11.341960678210677
3.9884620009620018,11.341960678210677
3.9884620009620018,11.341960678210677
3.9884620009620018,11.341960678210677
3.9884620009620018,11.341960678210677
3.8991762866762874,11.341960678210677
3.8991762866762874,11.341960678210677
3.8991762866762874,11.341960678210677
3.7116762866762874,11.341960678210677
3.7491762866762874,11.341960678210677
3.7491762866762874,11.191960678210677
3.7491762866762874,11.191960678210677
3.7491762866762874,11.22529401154401
3.7491762866762874,11.22529401154401
3.7491762866762874,11.17529401154401
3.7491762866762874,11.30029401154401
3.7491762866762874,11.55029401154401
3.7491762866762874,12.17529401154401
3.7491762866762874,12.17529401154401
3.7491762866762874,12.17529401154401
3.7491762866762874,12.42529401154401
3.7491762866762874,12.42529401154401
3.7491762866762874,12.92529401154401
3.7491762866762874,12.837794011544009
3.8491762866762875,12.837794011544009
3.8491762866762875,12.837794011544009
3.8491762866762875,12.337794011544009
3.8491762866762875,12.337794011544009
3.8491762866762875,12.337794011544009
3.8491762866762875,12.587794011544009
3.8491762866762875,12.432238455988454
3.8491762866762875,12.732238455988455
3.8491762866762875,12.732238455988455
3.8491762866762875,13.265571789321788
4.0825096200096205,13.265571789321788
4.0825096200096205,13.265571789321788
4.0825096200096205,13.265571789321788
4.0825096200096205,13.265571789321788
4.0825096200096205,13.577693001443
3.5825096200096205,13.577693001443
3.5825096200096205,13.677693001443
3.5825096200096205,14.077693001443
3.5825096200096205,14.077693001443
3.5825096200096205,13.577693001443
3.5825096200096205,13.677693001443
3.5825096200096205,14.727693001443
3.5825096200096205,14.727693001443
3.5825096200096205,14.977693001443
3.8325096200096205,14.977693001443
3.8325096200096205,14.477693001443
3.8325096200096205,14.38721681096681
3.928938191438192,14.88721681096681
3.928938191438192,14.88721681096681
3.928938191438192,14.88721681096681
3.928938191438192,14.88721681096681
3.928938191438192,14.88721681096681
3.678938191438192,14.88721681096681
3.678938191438192,14.88721681096681
3.678938191438192,14.88721681096681
3.678938191438192,15.38721681096681
3.678938191438192,14.88721681096681
3.678938191438192,15.38721681096681
3.678938191438192,15.38721681096681
3.978938191438192,15.38721681096681
3.978938191438192,15.38721681096681
3.978938191438192,15.38721681096681
3.978938191438192,15.38721681096681
3.978938191438192,14.88721681096681
3.978938191438192,14.88721681096681
3.978938191438192,14.88721681096681
3.978938191438192,14.88721681096681
3.978938191438192,15.287216810966811
3.978938191438192,14.787216810966811
3.978938191438192,14.787216810966811
3.978938191438192,14.787216810966811
3.978938191438192,14.787216810966811
4.0789381914381915,14.787216810966811
4.0789381914381915,14.687216810966811
4.0789381914381915,14.787216810966811
4.0789381914381915,14.787216810966811
4.0789381914381915,14.787216810966811
4.0789381914381915,15.001502525252524
4.0789381914381915,14.751502525252524
4.0789381914381915,14.751502525252524
4.0789381914381915,14.551502525252525
4.0789381914381915,14.551502525252525
4.278938191438192,14.551502525252525
4.375366762866763,15.051502525252525
4.375366762866763,15.415138888888889
4.375366762866763,15.415138888888889
4.375366762866763,15.21513888888889
4.375366762866763,15.21513888888889
4.375366762866763,15.21513888888889
4.375366762866763,14.46513888888889
4.375366762866763,13.96513888888889
4.625366762866763,13.96513888888889
4.625366762866763,14.198472222222222
4.625366762866763,14.198472222222222
4.625366762866763,14.198472222222222
4.625366762866763,14.398472222222221
4.625366762866763,14.398472222222221
4.825366762866763,14.398472222222221
4.825366762866763,14.398472222222221
4.825366762866763,14.398472222222221
4.658700096200096,14.398472222222221
4.658700096200096,14.079027777777776
3.6587000962000964,14.579027777777776
3.5337000962000964,14.579027777777776
3.5337000962000964,14.579027777777776
3.833700096200096,14.579027777777776
3.833700096200096,15.179027777777776
3.833700096200096,15.179027777777776
3.833700096200096,15.129027777777775
4.033700096200096,15.129027777777775
4.033700096200096,15.279027777777776
4.033700096200096,15.279027777777776
4.033700096200096,15.279027777777776
4.033700096200096,15.279027777777776
4.033700096200096,15.279027777777776
4.033700096200096,15.279027777777776
4.533700096200096,15.279027777777776
4.533700096200096,15.279027777777776
4.533700096200096,15.279027777777776
4.533700096200096,15.279027777777776
4.533700096200096,14.879027777777775
4.533700096200096,14.879027777777775
4.533700096200096,15.779027777777776
4.533700096200096,15.779027777777776
4.533700096200096,15.997777777777776
4.533700096200096,16.16823232323232
4.533700096200096,16.21823232323232
4.633700096200096,16.21823232323232
4.467033429533429,16.21823232323232
4.467033429533429,16.21823232323232
4.467033429533429,16.484898989898987
4.467033429533429,16.484898989898987
4.467033429533429,16.484898989898987
4.467033429533429,16.33489898989899
4.467033429533429,16.33489898989899
4.467033429533429,16.33489898989899
4.467033429533429,16.13489898989899
4.467033429533429,16.13489898989899
4.467033429533429,16.38489898989899
4.467033429533429,16.38489898989899
4.467033429533429,16.551565656565657
4.617033429533429,16.551565656565657
4.617033429533429,16.40156565656566
4.617033429533429,16.40156565656566
4.617033429533429,16.65156565656566
4.804533429533429,16.65156565656566
5.154533429533429,16.351565656565658
5.154533429533429,16.351565656565658
5.154533429533429,16.351565656565658
5.154533429533429,16.351565656565658
5.654533429533429,16.351565656565658
5.554533429533429,16.351565656565658
5.649771524771524,16.70156565656566
5.649771524771524,16.70156565656566
4.868521524771524,16.70156565656566
4.868521524771524,16.70156565656566
4.868521524771524,16.90156565656566
4.868521524771524,16.90156565656566
4.868521524771524,16.90156565656566
4.868521524771524,17.009898989898993
4.868521524771524,17.009898989898993
4.868521524771524,17.009898989898993
4.868521524771524,17.009898989898993
4.868521524771524,16.718232323232325
5.0685215247715245,16.718232323232325
5.0685215247715245,16.718232323232325
5.0685215247715245,16.718232323232325
5.0685215247715245,16.718232323232325
5.0685215247715245,16.718232323232325
5.3185215247715245,16.718232323232325
5.3185215247715245,16.718232323232325
5.3185215247715245,16.918232323232324
5.8185215247715245,16.918232323232324
5.8185215247715245,16.918232323232324
5.8185215247715245,16.918232323232324
5.968521524771525,16.918232323232324
5.468521524771525,16.918232323232324
5.468521524771525,17.20394660894661
5.468521524771525,17.20394660894661
5.739950096200096,17.20394660894661
5.739950096200096,17.20394660894661
5.739950096200096,16.80394660894661
5.802450096200096,16.80394660894661
5.802450096200096,16.65394660894661
5.802450096200096,17.15394660894661
5.64689454064454,17.02894660894661
5.64689454064454,17.02894660894661
5.64689454064454,17.02894660894661
5.64689454064454,17.328946608946612
5.64689454064454,17.328946608946612
5.64689454064454,17.328946608946612
5.64689454064454,17.328946608946612
5.64689454064454,17.328946608946612
5.64689454064454,17.128946608946613
5.64689454064454,17.128946608946613
5.5968945406445405,17.128946608946613
5.5968945406445405,17.628946608946613
5.5968945406445405,17.628946608946613
5.5968945406445405,17.628946608946613
5.296894540644541,17.628946608946613
5.296894540644541,17.628946608946613
5.296894540644541,17.02894660894661
5.296894540644541,17.378946608946613
5.296894540644541,17.378946608946613
5.296894540644541,17.378946608946613
5.296894540644541,17.378946608946613
5.296894540644541,15.778946608946613
5.296894540644541,15.778946608946613
5.296894540644541,15.778946608946613
5.296894540644541,16.478946608946615
5.296894540644541,16.478946608946615
5.296894540644541,16.478946608946615
5.296894540644541,16.478946608946615
5.296894540644541,16.478946608946615
5.296894540644541,16.828946608946616
5.296894540644541,16.928946608946617
5.39689454064454,16.728946608946618
5.39689454064454,16.728946608946618
5.39689454064454,16.728946608946618
5.39689454064454,16.728946608946618
5.0968945406445405,16.728946608946618
5.0968945406445405,16.72339105339106
5.0968945406445405,16.72339105339106
5.0968945406445405,16.72339105339106
5.0968945406445405,16.72339105339106
5.382608826358826,16.72339105339106
5.382608826358826,16.72339105339106
5.382608826358826,16.72339105339106
5.382608826358826,16.72339105339106
5.2826088263588264,17.22339105339106
5.482608826358827,17.22339105339106
5.482608826358827,17.42339105339106
5.482608826358827,17.42339105339106
5.482608826358827,17.42339105339106
5.482608826358827,16.92339105339106
5.482608826358827,17.17339105339106
5.482608826358827,17.42339105339106
5.482608826358827,17.42339105339106
5.482608826358827,17.54839105339106
6.2826088263588264,17.54839105339106
6.2826088263588264,17.54839105339106
6.632608826358826,17.54839105339106
6.632608826358826,17.54839105339106
6.432608826358826,17.54839105339106
6.432608826358826,17.54839105339106
6.432608826358826,17.54839105339106
6.432608826358826,17.54839105339106
6.568972462722463,17.54839105339106
6.402305796055796,17.54839105339106
6.402305796055796,17.381724386724393
6.402305796055796,17.381724386724393
6.402305796055796,17.381724386724393
6.418972462722462,17.181724386724394
6.418972462722462,17.181724386724394
6.418972462722462,17.181724386724394
6.418972462722462,17.181724386724394
6.418972462722462,17.181724386724394
6.418972462722462,17.181724386724394
6.668972462722462,17.181724386724394
6.668972462722462,17.181724386724394
6.668972462722462,17.181724386724394
6.668972462722462,17.14839105339106
7.235639129389129,17.14839105339106
7.235639129389129,16.44839105339106
7.235639129389129,16.94839105339106
7.585639129389128,16.94839105339106
7.653820947570947,16.94839105339106
7.653820947570947,16.94839105339106
7.653820947570947,16.94839105339106
7.653820947570947,16.94839105339106
7.653820947570947,17.765057720057726
7.653820947570947,17.765057720057726
7.653820947570947,17.765057720057726
7.653820947570947,17.765057720057726
7.653820947570947,17.765057720057726
7.653820947570947,17.715057720057725
7.653820947570947,17.715057720057725
7.653820947570947,17.415057720057725
7.4492754930254925,17.415057720057725
7.4492754930254925,17.715057720057725
7.4492754930254925,17.915057720057725
7.4492754930254925,17.915057720057725
7.4492754930254925,17.915057720057725
7.249275493025492,17.915057720057725
7.249275493025492,17.915057720057725
7.249275493025492,17.915057720057725
7.249275493025492,17.915057720057725
7.249275493025492,17.48172438672439
7.249275493025492,17.48172438672439
7.249275493025492,17.48172438672439
7.249275493025492,18.28172438672439
7.549275493025492,18.28172438672439
7.549275493025492,18.78172438672439
7.549275493025492,18.28172438672439
7.549275493025492,18.081724386724392
7.549275493025492,18.48172438672439
7.982608826358826,18.48172438672439
7.982608826358826,18.48172438672439
7.982608826358826,18.48172438672439
8.293719937469938,18.48172438672439
8.293719937469938,18.48172438672439
8.293719937469938,18.3912481962482
8.418719937469938,18.22272967772968
8.418719937469938,18.22272967772968
8.418719937469938,18.359093314093318
8.418719937469938,18.609093314093318
8.127053270803271,18.60631553631554
8.560386604136605,18.60631553631554
8.560386604136605,18.60631553631554
8.560386604136605,18.74267917267918
8.560386604136605,18.74267917267918
8.560386604136605,19.49267917267918
8.993719937469939,19.49267917267918
8.993719937469939,19.49267917267918
8.993719937469939,19.759345839345844
8.993719937469939,19.759345839345844
8.993719937469939,19.759345839345844
8.993719937469939,19.681568061568065
8.993719937469939,19.681568061568065
8.79371993746994,19.681568061568065
8.79371993746994,20.181568061568065
8.743719937469939,20.181568061568065
8.743719937469939,20.181568061568065
8.743719937469939,20.181568061568065
8.743719937469939,20.1649013949014
8.743719937469939,20.2649013949014
8.743719937469939,20.2649013949014
8.743719937469939,20.0149013949014
8.243719937469939,20.0149013949014
8.243719937469939,19.864901394901402
8.243719937469939,20.364901394901402
8.243719937469939,20.964901394901403
7.743719937469939,20.964901394901403
7.743719937469939,21.664901394901403
7.743719937469939,21.664901394901403
7.743719937469939,21.964901394901403
7.743719937469939,21.964901394901403
7.743719937469939,22.164901394901403
7.743719937469939,22.664901394901403
7.743719937469939,22.664901394901403
7.743719937469939,22.664901394901403
7.743719937469939,22.864901394901402
7.743719937469939,22.864901394901402
7.743719937469939,22.664901394901403
7.743719937469939,22.664901394901403
7.743719937469939,22.914901394901403
7.543719937469938,22.914901394901403
7.343719937469938,22.914901394901403
7.343719937469938,23.414901394901403
7.343719937469938,23.414901394901403
7.343719937469938,23.414901394901403
7.343719937469938,23.414901394901403
7.343719937469938,23.414901394901403
7.343719937469938,23.414901394901403
7.593719937469938,23.414901394901403
7.593719937469938,23.414901394901403
7.281219937469938,23.414901394901403
7.281219937469938,23.5649013949014
6.581219937469938,24.5649013949014
6.581219937469938,25.164901394901403
6.581219937469938,25.164901394901403
6.581219937469938,25.164901394901403
7.014553270803272,25.164901394901403
7.014553270803272,24.664901394901403
7.014553270803272,24.664901394901403
7.014553270803272,25.0649013949014
7.014553270803272,25.0649013949014
7.014553270803272,24.9649013949014
7.014553270803272,24.9649013949014
7.214553270803272,24.9649013949014
7.214553270803272,24.873234728234735
7.214553270803272,25.498234728234735
7.214553270803272,25.598234728234736
7.214553270803272,25.816984728234736
7.214553270803272,25.716984728234735
7.5645532708032714,25.716984728234735
7.5645532708032714,25.966984728234735
7.5645532708032714,25.966984728234735
7.5645532708032714,25.966984728234735
7.5020532708032714,25.966984728234735
7.5020532708032714,26.466984728234735
7.5020532708032714,26.466984728234735
7.802053270803271,26.466984728234735
7.802053270803271,26.466984728234735
7.802053270803271,26.466984728234735
7.802053270803271,26.466984728234735
7.635386604136604,26.466984728234735
7.635386604136604,25.754484728234736
7.635386604136604,25.754484728234736
7.635386604136604,25.654484728234735
7.635386604136604,25.654484728234735
7.635386604136604,25.654484728234735
7.635386604136604,25.654484728234735
7.635386604136604,25.654484728234735
7.635386604136604,25.654484728234735
7.635386604136604,25.654484728234735
7.635386604136604,25.654484728234735
7.935386604136604,25.654484728234735
7.935386604136604,25.654484728234735
8.135386604136604,25.654484728234735
8.135386604136604,25.654484728234735
8.135386604136604,26.154484728234735
8.135386604136604,26.154484728234735
8.135386604136604,26.554484728234733
8.135386604136604,26.554484728234733
8.135386604136604,26.554484728234733
8.135386604136604,26.554484728234733
8.135386604136604,26.554484728234733
8.135386604136604,26.554484728234733
8.135386604136604,26.554484728234733
8.135386604136604,26.554484728234733
8.185386604136605,26.554484728234733
8.185386604136605,26.262818061568066
8.185386604136605,26.262818061568066
7.885386604136605,26.262818061568066
7.981815175565177,26.762818061568066
7.981815175565177,26.762818061568066
7.981815175565177,26.762818061568066
7.981815175565177,26.512818061568066
7.981815175565177,26.512818061568066
7.981815175565177,27.012818061568066
7.981815175565177,27.012818061568066
7.981815175565177,27.387818061568066
7.981815175565177,27.387818061568066
8.481815175565178,27.387818061568066
8.481815175565178,27.387818061568066
8.481815175565178,27.387818061568066
8.481815175565178,27.387818061568066
8.481815175565178,27.387818061568066
8.481815175565178,28.012818061568066
8.481815175565178,28.712818061568065
8.731815175565178,28.712818061568065
8.731815175565178,28.712818061568065
8.731815175565178,28.712818061568065
8.731815175565178,29.212818061568065
8.731815175565178,29.212818061568065
9.006815175565178,29.212818061568065
9.006815175565178,29.012818061568066
9.006815175565178,29.012818061568066
9.006815175565178,29.012818061568066
9.006815175565178,29.012818061568066
9.006815175565178,29.012818061568066
9.006815175565178,28.512818061568066
8.581815175565177,28.512818061568066
8.581815175565177,28.512818061568066
8.581815175565177,28.512818061568066
8.581815175565177,28.512818061568066
8.081815175565177,28.762818061568066
8.081815175565177,29.612818061568067
8.081815175565177,29.612818061568067
8.081815175565177,29.612818061568067
8.081815175565177,29.612818061568067
7.981815175565178,29.612818061568067
7.815148508898511,29.512818061568066
7.815148508898511,29.512818061568066
7.815148508898511,29.512818061568066
8.042421236171238,29.512818061568066
8.042421236171238,29.512818061568066
7.9424212361712385,29.512818061568066
7.9424212361712385,29.476833213083218
7.9424212361712385,29.476833213083218
7.9424212361712385,29.476833213083218
7.9424212361712385,29.476833213083218
7.9424212361712385,29.476833213083218
8.192421236171239,29.976833213083218
8.192421236171239,29.976833213083218
8.692421236171239,29.976833213083218
8.342421236171239,29.976833213083218
8.059087902837906,29.976833213083218
8.059087902837906,29.176833213083217
8.059087902837906,29.176833213083217
8.059087902837906,29.176833213083217
8.425754569504573,29.176833213083217
8.425754569504573,29.176833213083217
8.425754569504573,29.176833213083217
8.508567069504572,29.176833213083217
8.508567069504572,28.77683321308322
8.508567069504572,28.62683321308322
8.508567069504572,28.360166546416554
8.941900402837906,28.360166546416554
8.941900402837906,28.360166546416554
8.941900402837906,28.64588083213084
8.941900402837906,28.64588083213084
8.941900402837906,28.64588083213084
8.941900402837906,28.64588083213084
9.108567069504572,28.64588083213084
9.108567069504572,28.89588083213084
9.108567069504572,28.89588083213084
9.108567069504572,28.89588083213084
9.458567069504571,28.89588083213084
9.458567069504571,28.89588083213084
9.458567069504571,28.89588083213084
9.458567069504571,28.89588083213084
9.458567069504571,29.14588083213084
9.458567069504571,29.045880832130837
9.458567069504571,29.045880832130837
9.458567069504571,29.045880832130837
9.458567069504571,29.045880832130837
9.708567069504571,29.045880832130837
9.708567069504571,29.045880832130837
9.708567069504571,29.045880832130837
9.708567069504571,29.045880832130837
9.708567069504571,29.245880832130837
9.708567069504571,29.245880832130837
9.741900402837905,29.245880832130837
9.741900402837905,29.245880832130837
9.741900402837905,29.295880832130837
9.441900402837904,29.295880832130837
9.441900402837904,29.295880832130837
9.441900402837904,29.295880832130837
9.191900402837904,29.295880832130837
9.191900402837904,29.295880832130837
9.191900402837904,29.295880832130837
9.191900402837904,29.295880832130837
9.191900402837904,29.795880832130837
9.191900402837904,29.295880832130837
9.191900402837904,29.295880832130837
9.191900402837904,29.295880832130837
9.191900402837904,29.295880832130837
9.191900402837904,29.795880832130837
9.191900402837904,30.04032527657528
8.891900402837903,30.04032527657528
9.141900402837903,30.04032527657528
9.141900402837903,30.04032527657528
9.391900402837903,30.04032527657528
9.391900402837903,30.390325276575282
9.391900402837903,30.390325276575282
9.391900402837903,30.390325276575282
9.391900402837903,29.890325276575282
8.991900402837903,29.890325276575282
8.991900402837903,29.890325276575282
8.991900402837903,29.890325276575282
9.616900402837903,30.213936387686395
9.616900402837903,30.463936387686395
9.116900402837903,30.338936387686395
9.116900402837903,30.981793530543538
9.213328974266474,31.481793530543538
9.213328974266474,31.515126863876873
9.213328974266474,31.68558140933142
9.213328974266474,31.68558140933142
9.213328974266474,31.68558140933142
8.713328974266474,31.18558140933142
9.213328974266474,31.18558140933142
9.213328974266474,31.18558140933142
9.213328974266474,31.18558140933142
9.213328974266474,31.18558140933142
9.213328974266474,30.28558140933142
9.213328974266474,30.28558140933142
9.213328974266474,29.78558140933142
9.213328974266474,29.78558140933142
9.213328974266474,29.78558140933142
9.713328974266474,29.78558140933142
9.713328974266474,29.78558140933142
9.713328974266474,29.78558140933142
9.546662307599808,30.14272426647428
9.546662307599808,30.14272426647428
9.546662307599808,30.14272426647428
9.546662307599808,30.14272426647428
9.546662307599808,30.14272426647428
9.546662307599808,30.14272426647428
9.546662307599808,30.251057599807613
9.546662307599808,30.15105759980761
9.546662307599808,30.15105759980761
9.546662307599808,30.15105759980761
9.546662307599808,30.15105759980761
9.546662307599808,30.751057599807613
9.546662307599808,30.751057599807613
9.546662307599808,30.751057599807613
9.546662307599808,30.751057599807613
9.546662307599808,30.751057599807613
9.446662307599809,30.751057599807613
9.146662307599808,30.751057599807613
9.146662307599808,30.751057599807613
9.146662307599808,30.751057599807613
9.146662307599808,30.501057599807613
9.146662307599808,30.501057599807613
9.146662307599808,30.501057599807613
9.146662307599808,30.676057599807613
9.396662307599808,30.676057599807613
9.396662307599808,30.676057599807613
9.396662307599808,30.426057599807613
9.596662307599807,30.426057599807613
9.596662307599807,30.426057599807613
9.696662307599807,30.626057599807613
9.696662307599807,30.626057599807613
9.696662307599807,30.626057599807613
9.463328974266474,30.626057599807613
9.463328974266474,30.626057599807613
9.463328974266474,30.876057599807613
10.163328974266474,30.876057599807613
10.163328974266474,30.876057599807613
10.596662307599807,30.876057599807613
10.596662307599807,30.876057599807613
10.596662307599807,31.176057599807613
10.596662307599807,31.176057599807613
11.096662307599807,31.176057599807613
11.096662307599807,31.176057599807613
11.096662307599807,31.176057599807613
11.096662307599807,31.176057599807613
11.096662307599807,31.176057599807613
11.209162307599808,31.176057599807613
11.209162307599808,31.618914742664757
11.209162307599808,31.618914742664757
11.209162307599808,32.12391474266476
11.209162307599808,32.12391474266476
11.209162307599808,32.12391474266476
11.209162307599808,32.12391474266476
11.209162307599808,32.12391474266476
11.209162307599808,32.12391474266476
11.209162307599808,32.12391474266476
11.642495640933141,32.12391474266476
11.642495640933141,32.12391474266476
11.642495640933141,32.12391474266476
11.642495640933141,32.12391474266476
11.642495640933141,32.12391474266476
11.642495640933141,32.12391474266476
11.642495640933141,32.12391474266476
11.642495640933141,32.12391474266476
11.642495640933141,32.12391474266476
11.642495640933141,32.12391474266476
11.928209926647428,32.12391474266476
11.928209926647428,32.12391474266476
11.928209926647428,32.47391474266476
11.928209926647428,32.47391474266476
12.053209926647428,32.47391474266476
12.403209926647428,32.47391474266476
12.403209926647428,32.47391474266476
12.403209926647428,32.47391474266476
11.953209926647428,31.573914742664762
11.953209926647428,31.573914742664762
11.953209926647428,31.282248075998094
11.953209926647428,31.025105218855238
11.953209926647428,31.025105218855238
11.953209926647428,31.025105218855238
11.953209926647428,31.133438552188572
11.953209926647428,30.32662037037039
11.953209926647428,30.32662037037039
11.953209926647428,30.32662037037039
12.453209926647428,30.32662037037039
12.553209926647428,30.32662037037039
12.553209926647428,30.32662037037039
12.253209926647427,29.32662037037039
12.253209926647427,29.12662037037039
12.253209926647427,29.12662037037039
12.553209926647428,29.12662037037039
13.253209926647427,29.12662037037039
13.953209926647427,29.12662037037039
13.953209926647427,28.87662037037039
13.953209926647427,28.87662037037039
13.953209926647427,28.87662037037039
13.953209926647427,29.47662037037039
13.953209926647427,29.27662037037039
13.953209926647427,29.27662037037039
13.953209926647427,29.27662037037039
14.238924212361713,29.27662037037039
14.238924212361713,29.27662037037039
14.238924212361713,29.27662037037039
14.238924212361713,29.27662037037039
14.238924212361713,29.27662037037039
13.638924212361713,29.27662037037039
14.138924212361713,29.27662037037039
14.138924212361713,29.27662037037039
14.138924212361713,29.27662037037039
13.938924212361714,29.27662037037039
13.738924212361715,29.27662037037039
13.738924212361715,29.08287037037039
14.024638498076001,29.08287037037039
14.024638498076001,29.08287037037039
14.024638498076001,29.08287037037039
14.224638498076,29.08287037037039
14.224638498076,29.08287037037039
14.224638498076,29.48287037037039
14.474638498076,29.48287037037039
14.474638498076,29.48287037037039
14.474638498076,28.98287037037039
14.474638498076,28.39537037037039
14.599638498076,28.39537037037039
14.599638498076,28.54537037037039
14.599638498076,28.54537037037039
14.649638498076001,28.54537037037039
14.649638498076001,28.79537037037039
14.649638498076001,28.29537037037039
14.649638498076001,28.29537037037039
14.649638498076001,28.29537037037039
14.649638498076001,28.29537037037039
15.524638498076001,28.29537037037039
15.524638498076001,28.562037037037054
15.524638498076001,28.562037037037054
15.524638498076001,29.187037037037054
15.324638498076002,29.187037037037054
15.324638498076002,29.187037037037054
15.449638498076002,29.187037037037054
15.599638498076002,29.187037037037054
15.599638498076002,29.437037037037054
15.599638498076002,29.437037037037054
15.599638498076002,30.137037037037054
15.599638498076002,30.137037037037054
15.599638498076002,29.845370370370386
15.599638498076002,29.345370370370386
15.599638498076002,29.595370370370386
15.599638498076002,29.945370370370387
15.599638498076002,29.945370370370387
15.599638498076002,29.445370370370387
15.885352783790289,29.445370370370387
15.885352783790289,29.04537037037039
16.06035278379029,29.04537037037039
16.06035278379029,29.14537037037039
16.06035278379029,29.14537037037039
16.06035278379029,29.14537037037039
16.06035278379029,29.14537037037039
16.26035278379029,29.14537037037039
16.26035278379029,29.14537037037039
16.26035278379029,29.14537037037039
16.26035278379029,29.14537037037039
16.26035278379029,29.14537037037039
16.26035278379029,29.64537037037039
16.26035278379029,29.64537037037039
16.26035278379029,29.64537037037039
16.26035278379029,29.64537037037039
16.693686117123622,29.64537037037039
16.693686117123622,29.64537037037039
16.693686117123622,29.64537037037039
16.381186117123622,28.94537037037039
16.381186117123622,29.295370370370392
16.381186117123622,29.295370370370392
16.381186117123622,29.295370370370392
16.381186117123622,29.295370370370392
16.381186117123622,29.295370370370392
16.381186117123622,29.24537037037039
16.381186117123622,29.24537037037039
15.881186117123622,29.24537037037039
15.881186117123622,29.49537037037039
15.881186117123622,29.49537037037039
15.881186117123622,29.49537037037039
15.881186117123622,29.49537037037039
15.881186117123622,29.49537037037039
15.881186117123622,29.91203703703706
15.881186117123622,29.91203703703706
15.881186117123622,29.91203703703706
15.881186117123622,30.41203703703706
15.881186117123622,31.03703703703706
15.881186117123622,31.03703703703706
15.881186117123622,31.03703703703706
15.881186117123622,31.03703703703706
15.881186117123622,30.703703703703727
15.881186117123622,30.503703703703728
15.881186117123622,30.503703703703728
15.881186117123622,30.503703703703728
15.881186117123622,30.503703703703728
15.881186117123622,30.403703703703727
15.881186117123622,30.403703703703727
15.881186117123622,30.403703703703727
15.881186117123622,30.403703703703727
15.881186117123622,30.403703703703727
15.881186117123622,31.203703703703727
15.881186117123622,31.048148148148172
15.64785278379029,31.048148148148172
15.79785278379029,31.048148148148172
15.79785278379029,30.548148148148172
15.79785278379029,30.648148148148174
15.79785278379029,30.648148148148174
15.79785278379029,30.648148148148174
15.79785278379029,30.648148148148174
15.79785278379029,30.648148148148174
15.79785278379029,30.935648148148175
15.79785278379029,30.935648148148175
15.79785278379029,30.935648148148175
15.79785278379029,30.735648148148176
15.79785278379029,31.235648148148176
15.79785278379029,31.20231481481484
15.79785278379029,31.20231481481484
15.79785278379029,31.20231481481484
15.79785278379029,31.15231481481484
15.79785278379029,31.15231481481484
15.79785278379029,31.65231481481484
15.79785278379029,31.65231481481484
15.79785278379029,31.360648148148172
15.894281355218862,31.860648148148172
15.894281355218862,31.860648148148172
16.0306449915825,31.860648148148172
16.0306449915825,31.860648148148172
16.622311658249163,32.060648148148175
16.622311658249163,31.060648148148175
16.222311658249165,31.360648148148176
16.222311658249165,31.360648148148176
16.222311658249165,31.360648148148176
16.222311658249165,31.360648148148176
16.222311658249165,30.360648148148176
16.134811658249166,30.360648148148176
16.134811658249166,30.360648148148176
16.34909737253488,30.360648148148176
16.634811658249166,30.360648148148176
16.634811658249166,30.360648148148176
16.634811658249166,30.193981481481508
16.634811658249166,30.193981481481508
16.634811658249166,30.193981481481508
16.634811658249166,30.193981481481508
16.634811658249166,30.193981481481508
16.634811658249166,30.193981481481508
16.634811658249166,29.693981481481508
16.634811658249166,30.04398148148151
16.634811658249166,30.04398148148151
16.634811658249166,30.64398148148151
16.634811658249166,30.64398148148151
16.634811658249166,30.64398148148151
16.634811658249166,30.44398148148151
16.634811658249166,30.44398148148151
16.634811658249166,30.043981481481513
16.634811658249166,30.043981481481513
17.509811658249166,30.043981481481513
17.509811658249166,30.043981481481513
17.509811658249166,29.743981481481512
17.509811658249166,29.743981481481512
17.509811658249166,29.743981481481512
17.709811658249166,29.743981481481512
17.709811658249166,29.743981481481512
17.509811658249166,29.743981481481512
17.509811658249166,29.918981481481513
17.509811658249166,29.918981481481513
17.509811658249166,30.418981481481513
17.209811658249166,30.418981481481513
17.272311658249166,30.418981481481513
17.272311658249166,30.418981481481513
17.272311658249166,30.418981481481513
17.272311658249166,30.218981481481514
17.272311658249166,30.218981481481514
17.272311658249166,30.218981481481514
18.272311658249166,30.218981481481514
18.522311658249166,30.218981481481514
18.522311658249166,30.218981481481514
18.522311658249166,30.618981481481512
18.522311658249166,30.618981481481512
18.522311658249166,30.618981481481512
18.522311658249166,30.118981481481512
18.522311658249166,30.118981481481512
18.522311658249166,29.993981481481512
18.647311658249166,29.993981481481512
18.647311658249166,29.993981481481512
18.647311658249166,29.993981481481512
18.647311658249166,29.993981481481512
18.90921642015393,29.993981481481512
18.90921642015393,30.47991898148151
19.045580056517565,30.47991898148151
19.11376187469938,30.47991898148151
19.11376187469938,30.97991898148151
19.11376187469938,30.97991898148151
19.11376187469938,30.87991898148151
19.11376187469938,30.87991898148151
19.047095208032715,30.87991898148151
19.047095208032715,31.12991898148151
19.047095208032715,31.12991898148151
19.047095208032715,30.50491898148151
19.143523779461287,31.00491898148151
19.393523779461287,31.00491898148151
19.393523779461287,31.00491898148151
19.743523779461288,31.00491898148151
19.743523779461288,31.404918981481508
18.943523779461287,31.529918981481508
18.943523779461287,31.029918981481508
18.943523779461287,31.029918981481508
18.943523779461287,31.029918981481508
18.943523779461287,31.029918981481508
19.229238065175572,31.029918981481508
19.12923806517557,31.029918981481508
19.12923806517557,31.529918981481508
19.12923806517557,31.529918981481508
19.12923806517557,32.02991898148151
19.37923806517557,32.02991898148151
19.37923806517557,32.02991898148151
19.37923806517557,32.37991898148151
19.37923806517557,31.87991898148151
19.37923806517557,31.75491898148151
19.37923806517557,32.18825231481484
19.67923806517557,32.18825231481484
19.87923806517557,32.18825231481484
19.87923806517557,32.18825231481484
19.87923806517557,32.18825231481484
20.12923806517557,32.18825231481484
20.479238065175572,32.18825231481484
20.479238065175572,32.18825231481484
20.479238065175572,32.18825231481484
20.479238065175572,32.18825231481484
20.479238065175572,32.25075231481484
20.479238065175572,32.25075231481484
20.029238065175573,31.35075231481484
20.029238065175573,31.35075231481484
20.279238065175573,31.35075231481484
20.279238065175573,31.35075231481484
20.279238065175573,31.35075231481484
20.17923806517557,31.35075231481484
19.854238065175572,31.35075231481484
19.854238065175572,31.35075231481484
19.854238065175572,31.35075231481484
19.854238065175572,31.35075231481484
19.854238065175572,31.85075231481484
19.854238065175572,32.35075231481484
19.887571398508907,32.35075231481484
19.887571398508907,32.35075231481484
19.887571398508907,32.35075231481484
19.887571398508907,32.35075231481484
19.72090473184224,32.35075231481484
19.72090473184224,32.35075231481484
19.72090473184224,32.35075231481484
19.72090473184224,32.45075231481484
19.72090473184224,32.95075231481484
19.72090473184224,33.400752314814845
19.72090473184224,33.400752314814845
19.72090473184224,33.400752314814845
19.620904731842238,33.400752314814845
19.620904731842238,33.60075231481485
19.620904731842238,33.60075231481485
19.620904731842238,34.00075231481485
19.620904731842238,33.25075231481485
19.620904731842238,33.25075231481485
19.620904731842238,33.70075231481485
19.620904731842238,33.54519675925929
19.620904731842238,33.54519675925929
19.620904731842238,33.94519675925929
19.520904731842236,33.94519675925929
19.520904731842236,33.44519675925929
19.520904731842236,33.44519675925929
19.520904731842236,32.54519675925929
19.520904731842236,34.14519675925929
19.520904731842236,33.57019675925929
19.520904731842236,34.07019675925929
19.720904731842236,34.07019675925929
20.520904731842236,34.07019675925929
20.020904731842236,34.07019675925929
20.020904731842236,34.57019675925929
20.020904731842236,34.5813078703704
20.020904731842236,34.931307870370404
20.020904731842236,34.931307870370404
20.020904731842236,35.181307870370404
20.020904731842236,35.181307870370404
19.620904731842238,35.181307870370404
19.620904731842238,35.281307870370405
19.620904731842238,35.281307870370405
19.620904731842238,35.281307870370405
19.620904731842238,35.63130787037041
19.620904731842238,35.63130787037041
19.620904731842238,35.63130787037041
19.620904731842238,35.63130787037041
19.620904731842238,36.13130787037041
19.620904731842238,36.13130787037041
19.620904731842238,36.02575231481485
19.620904731842238,36.02575231481485
19.620904731842238,36.02575231481485
19.620904731842238,36.225752314814855
19.820904731842237,36.225752314814855
19.820904731842237,36.225752314814855
19.989086550024055,36.225752314814855
20.20337226430977,36.225752314814855
20.20337226430977,36.32575231481486
20.25337226430977,36.32575231481486
20.25337226430977,35.975752314814855
20.25337226430977,35.96325231481485
20.25337226430977,35.96325231481485
20.25337226430977,36.21325231481485
20.25337226430977,36.21325231481485
20.25337226430977,36.44658564814819
20.407538930976436,36.44658564814819
20.407538930976436,36.44658564814819
20.407538930976436,36.44658564814819
20.407538930976436,36.44658564814819
20.407538930976436,36.54658564814819
20.407538930976436,36.54658564814819
20.407538930976436,36.54658564814819
20.407538930976436,36.04658564814819
20.407538930976436,36.29658564814819
20.407538930976436,36.29658564814819
20.84087226430977,36.29658564814819
20.84087226430977,36.50908564814819
20.84087226430977,36.50908564814819
20.84087226430977,36.50908564814819
20.84087226430977,36.50908564814819
20.84087226430977,36.00908564814819
20.84087226430977,36.00908564814819
20.64087226430977,36.00908564814819
21.04087226430977,36.00908564814819
21.04087226430977,35.48408564814819
21.39087226430977,35.48408564814819
22.19087226430977,35.48408564814819
22.19087226430977,35.48408564814819
22.19087226430977,35.6983713624339
22.19087226430977,35.6983713624339
22.19087226430977,36.0983713624339
22.19087226430977,36.7233713624339
22.44087226430977,36.7233713624339
22.44087226430977,36.7233713624339
22.44087226430977,36.7233713624339
22.44087226430977,36.7733713624339
22.44087226430977,36.2733713624339
22.44087226430977,36.2733713624339
22.44087226430977,37.198371362433896
22.44087226430977,36.99837136243389
22.44087226430977,36.99837136243389
22.44087226430977,36.99837136243389
22.44087226430977,36.74837136243389
22.44087226430977,36.74837136243389
22.44087226430977,37.11200772607026
22.44087226430977,37.11200772607026
22.44087226430977,37.11200772607026
21.94087226430977,37.11200772607026
21.94087226430977,37.11200772607026
21.44087226430977,36.98700772607026
21.44087226430977,36.98700772607026
21.44087226430977,36.98700772607026
21.240872264309772,36.23700772607026
21.240872264309772,36.23700772607026
21.240872264309772,36.23700772607026
21.240872264309772,35.98700772607026
21.240872264309772,35.98700772607026
21.06587226430977,36.1751029641655
21.06587226430977,35.3938529641655
21.06587226430977,35.3938529641655
21.06587226430977,35.3938529641655
21.06587226430977,35.3938529641655
21.06587226430977,35.7438529641655
21.09087226430977,35.7438529641655
21.09087226430977,35.7438529641655
21.09087226430977,35.7438529641655
21.09087226430977,35.7438529641655
21.09087226430977,35.7438529641655
21.09087226430977,35.7438529641655
21.21587226430977,35.7438529641655
21.132538930976438,35.7438529641655
21.832538930976437,35.9438529641655
21.832538930976437,35.9438529641655
21.832538930976437,36.2438529641655
21.832538930976437,36.2438529641655
21.982538930976435,36.2438529641655
21.982538930976435,36.2438529641655
21.982538930976435,36.2438529641655
21.982538930976435,36.2438529641655
21.982538930976435,36.5563529641655
21.982538930976435,36.5563529641655
21.982538930976435,36.5563529641655
21.982538930976435,36.5563529641655
21.982538930976435,36.5563529641655
21.982538930976435,36.66468629749883
21.982538930976435,36.66468629749883
21.982538930976435,36.71468629749883
21.982538930976435,36.21468629749883
21.982538930976435,36.21468629749883
22.182538930976435,36.21468629749883
22.182538930976435,36.21468629749883
22.182538930976435,36.21468629749883
22.232538930976435,36.21468629749883
22.232538930976435,36.21468629749883
22.065872264309768,36.21468629749883
21.86587226430977,37.14801963083216
21.86587226430977,37.14801963083216
21.86587226430977,37.24801963083216
21.86587226430977,37.64087677368931
21.86587226430977,37.64087677368931
21.30872940716691,37.64087677368931
21.37122940716691,37.64087677368931
20.62122940716691,37.64087677368931
20.62122940716691,37.64087677368931
20.62122940716691,37.38373391654645
20.62122940716691,38.08373391654645
21.32122940716691,38.08373391654645
21.154562740500243,38.08373391654645
21.354562740500242,38.08373391654645
21.354562740500242,38.08373391654645
21.354562740500242,38.48373391654645
21.354562740500242,38.48373391654645
21.354562740500242,38.48373391654645
21.354562740500242,38.48373391654645
21.354562740500242,38.98373391654645
21.354562740500242,38.98373391654645
21.154562740500243,38.98373391654645
21.154562740500243,38.98373391654645
21.154562740500243,38.92123391654645
21.154562740500243,39.42123391654645
21.154562740500243,39.42123391654645
20.954562740500243,39.42123391654645
20.787896073833576,39.42123391654645
20.787896073833576,39.92123391654645
20.787896073833576,39.92123391654645
20.387896073833577,39.92123391654645
20.18289607383358,39.92123391654645
20.276077892015397,39.92123391654645
20.276077892015397,39.92123391654645
19.676077892015396,39.92123391654645
19.676077892015396,39.92123391654645
19.676077892015396,39.92123391654645
19.676077892015396,40.42123391654645
19.676077892015396,40.42123391654645
19.676077892015396,40.92123391654645
19.676077892015396,40.92123391654645
19.676077892015396,40.92123391654645
19.676077892015396,41.02123391654645
19.676077892015396,41.02123391654645
19.226077892015397,40.12123391654645
19.226077892015397,40.62123391654645
19.226077892015397,40.62123391654645
19.226077892015397,40.62123391654645
19.226077892015397,40.62123391654645
19.226077892015397,40.52123391654645
19.44274455868206,39.62123391654645
19.44274455868206,39.62123391654645
19.44274455868206,39.62123391654645
19.44274455868206,39.62123391654645
19.44274455868206,39.821233916546454
19.242744558682062,39.821233916546454
19.242744558682062,40.52123391654646
19.242744558682062,40.52123391654646
19.242744558682062,40.52123391654646
19.242744558682062,40.52123391654646
19.242744558682062,40.52123391654646
19.242744558682062,40.52123391654646
19.242744558682062,40.52123391654646
19.242744558682062,40.52123391654646
19.242744558682062,40.921233916546456
19.242744558682062,40.921233916546456
19.3791081950457,40.921233916546456
19.3791081950457,40.921233916546456
19.3791081950457,40.921233916546456
19.3791081950457,40.921233916546456
18.8791081950457,40.921233916546456
18.8791081950457,40.72837677368931
18.71244152837903,40.72837677368931
18.71244152837903,40.72837677368931
19.012441528379032,40.72837677368931
19.012441528379032,40.72837677368931
19.012441528379032,40.57212677368931
19.362441528379033,40.57212677368931
19.362441528379033,40.57212677368931
18.945774861712366,40.57212677368931
18.945774861712366,40.57212677368931
18.745774861712366,40.57212677368931
18.745774861712366,40.57212677368931
18.745774861712366,40.57212677368931
18.595774861712368,40.57212677368931
18.39577486171237,40.57212677368931
18.39577486171237,40.62212677368931
18.39577486171237,40.638793440355975
18.39577486171237,40.138793440355975
18.39577486171237,40.138793440355975
18.39577486171237,39.638793440355975
18.27077486171237,39.638793440355975
17.95827486171237,39.638793440355975
17.45827486171237,39.638793440355975
17.45827486171237,40.138793440355975
17.45827486171237,39.638793440355975
17.45827486171237,39.138793440355975
17.45827486171237,38.881650583213116
17.45827486171237,38.881650583213116
17.358274861712367,38.881650583213116
17.358274861712367,38.631650583213116
17.358274861712367,38.631650583213116
18.358274861712367,38.631650583213116
18.358274861712367,38.631650583213116
18.358274861712367,38.631650583213116
18.358274861712367,38.631650583213116
18.358274861712367,38.631650583213116
18.358274861712367,38.631650583213116
18.358274861712367,38.631650583213116
18.358274861712367,38.73165058321312
18.483274861712367,38.73165058321312
18.483274861712367,38.73165058321312
